{"cameraMode":{"drawMode":0,"name":"Shaded","section":"Shading Mode"},"sceneLighting":true,"audioPlay":false,"sceneViewState":{"showFog":false,"showMaterialUpdate":false,"showSkybox":false,"showFlares":false,"showImageEffects":false,"showParticleSystems":false},"in2DMode":false,"pivot":{"x":-8.76768684387207,"y":21.948232650756837,"z":-23.889556884765626},"rotation":{"x":-0.25554588437080386,"y":0.09898006170988083,"z":-0.026310520246624948,"w":-0.9613577723503113},"size":10.0,"orthographic":false}