{"cameraMode":{"drawMode":0,"name":"Shaded","section":"Shading Mode"},"sceneLighting":false,"audioPlay":false,"sceneViewState":{"showFog":false,"showMaterialUpdate":false,"showSkybox":false,"showFlares":false,"showImageEffects":false,"showParticleSystems":false},"in2DMode":false,"pivot":{"x":0.12815454602241517,"y":17.53190803527832,"z":-1.6846866607666016},"rotation":{"x":0.05086131393909454,"y":0.7466392517089844,"z":-0.057457271963357928,"w":0.6608027219772339},"size":12.517468452453614,"orthographic":false}