{"cameraMode":{"drawMode":0,"name":"Shaded","section":"Shading Mode"},"sceneLighting":true,"audioPlay":false,"sceneViewState":{"showFog":false,"showMaterialUpdate":false,"showSkybox":false,"showFlares":false,"showImageEffects":false,"showParticleSystems":false},"in2DMode":false,"pivot":{"x":-14.392382621765137,"y":-0.88523930311203,"z":-7.668093204498291},"rotation":{"x":0.21522089838981629,"y":0.08775351196527481,"z":-0.01941312476992607,"w":0.9724352359771729},"size":30.161052703857423,"orthographic":false}