{"cameraMode":{"drawMode":0,"name":"Shaded","section":"Shading Mode"},"sceneLighting":true,"audioPlay":false,"sceneViewState":{"showFog":false,"showMaterialUpdate":false,"showSkybox":false,"showFlares":false,"showImageEffects":false,"showParticleSystems":false},"in2DMode":false,"pivot":{"x":-20.09288215637207,"y":11.669892311096192,"z":1.5697264671325684},"rotation":{"x":0.019798437133431436,"y":-0.03236106410622597,"z":0.0006616569589823484,"w":0.9993146657943726},"size":31.490711212158204,"orthographic":false}